"Killer is Dead Nightmare Edition","COMPRAR","https://media.game.es/COVERV2/3D_L/102/102758.png","7 '95 €"
"Horizon Forbidden West Edicion Coleccionista","RESERVAR","https://media.game.es/COVERV2/3D_L/193/193851.png","10 €"
"AI The Somnium Files nirvanA Initiative Collector´s Edition","RESERVAR","https://media.game.es/COVERV2/3D_L/191/191665.png","5 €"
"Zenith: Collector's Edition","RESERVAR","https://media.game.es/COVERV2/3D_L/170/170211.png","3 €"
"Pecaminosa Collector Edition","RESERVAR","https://media.game.es/COVERV2/3D_L/186/186529.png","3 €"
"AI The Somnium Files nirvanA Initiative Collector´s Edition","RESERVAR","https://media.game.es/COVERV2/3D_L/191/191664.png","5 €"
"Distrust: Collector's Edition","RESERVAR","https://media.game.es/COVERV2/3D_L/170/170215.png","3 €"
"Beholder 2","RESERVAR","https://media.game.es/COVERV2/3D_L/187/187155.png","3 €"
"Beholder 2","RESERVAR","https://media.game.es/COVERV2/3D_L/187/187156.png","3 €"
"Marvel's Guardians of the Galaxy Edición Cósmica Deluxe","COMPRAR","https://media.game.es/COVERV2/3D_L/189/189990.png","64 '95 €"
"Maldita Castilla Ed Coleccionista","COMPRAR","https://media.game.es/COVERV2/3D_L/189/189171.png","49 '95 €"
"Marvel's Guardians of the Galaxy Edición Cósmica Deluxe","COMPRAR","https://media.game.es/COVERV2/3D_L/189/189991.png","69 '95 €"
"Blasphemous - Edición Coleccionista","COMPRAR","https://media.game.es/COVERV2/3D_L/184/184014.png","79 '95 €"
"Farming Simulator 22 Edicion Coleccionista","COMPRAR","https://media.game.es/COVERV2/3D_L/191/191296.png","69 '95 €"
"Neversong - Collector´s Edition","COMPRAR","https://media.game.es/COVERV2/3D_L/182/182508.png","49 '95 €"
"Oddworld Soulstorm - Collector's Oddition","COMPRAR","https://media.game.es/COVERV2/3D_L/188/188548.png","149 '95 €"
"Cyberpunk 2077 Edición Coleccionista","COMPRAR","https://media.game.es/COVERV2/3D_L/168/168908.png","199 '95 €"
"Crypt of the Necrodancer Collector´s Edition","COMPRAR","https://media.game.es/COVERV2/3D_L/182/182801.png","39 '95 €"
"Mortal Kombat 11 Ultimate Kollector's Edition","COMPRAR","https://media.game.es/COVERV2/3D_L/183/183875.png","109 '95 €"
"Fighting Legends - Edición Coleccionista","COMPRAR","https://media.game.es/COVERV2/3D_L/183/183662.png","79 '95 €"
"Beholder Complete Edition","COMPRAR","https://media.game.es/COVERV2/3D_L/170/170214.png","34 '95 €"
"Do not Feed the Monkeys: Collector's Edition","COMPRAR","https://media.game.es/COVERV2/3D_L/170/170217.png","44 '95 €"
"Alex Kidd in Miracle World DX Signature Edition","COMPRAR","https://media.game.es/COVERV2/3D_L/188/188958.png","69 '95 €"
"Biomutant Collector´s Edition","COMPRAR","https://media.game.es/COVERV2/3D_L/142/142166.png","109 '95 €"
"Biomutant Collector´s Edition","COMPRAR","https://media.game.es/COVERV2/3D_L/142/142167.png","109 '95 €"
"Blasphemous - Edición Coleccionista","COMPRAR","https://media.game.es/COVERV2/3D_L/184/184012.png","79 '95 €"
"Cyberpunk 2077 Edicion Coleccionista","COMPRAR","https://media.game.es/COVERV2/3D_L/168/168910.png","199 '95 €"
"Neversong - Collector´s Edition","COMPRAR","https://media.game.es/COVERV2/3D_L/182/182507.png","49 '95 €"
"Train Sim World 2 - Collector´s Edition","COMPRAR","https://media.game.es/COVERV2/3D_L/182/182731.png","49 '95 €"
"Sword of the Necromancer Edición Coleccionista","COMPRAR","https://media.game.es/COVERV2/3D_L/189/189537.png","59 '95 €"
"Do not Feed the Monkeys: Collector's Edition","COMPRAR","https://media.game.es/COVERV2/3D_L/170/170216.png","39 '95 €"
"Dead Cells The Prisioner's Edition","COMPRAR","https://media.game.es/COVERV2/3D_L/178/178433.png","119 '95 €"
"House Flipper Signature Edition","COMPRAR","https://media.game.es/COVERV2/3D_L/180/180269.png","54 '95 €"
"Kingdoms of Amalur Re-Reckoning - Edición Coleccionista","COMPRAR","https://media.game.es/COVERV2/3D_L/181/181264.png","109 '95 €"
"Marvel´s Avengers Edición Más Poderosa de la Tierra","COMPRAR","https://media.game.es/COVERV2/3D_L/177/177986.png","159 '95 €"
"House Flipper Signature Edition","COMPRAR","https://media.game.es/COVERV2/3D_L/180/180270.png","59 '95 €"
"1971 Project Helios Collector´S Edition","COMPRAR","https://media.game.es/COVERV2/3D_L/177/177535.png","39 '95 €"
"Los Pitufos Operación Vilhoja Edición Collector","COMPRAR","https://media.game.es/COVERV2/3D_L/191/191968.png","79 '95 €"
"Hard West: Collector's Edition","COMPRAR","https://media.game.es/COVERV2/3D_L/170/170212.png","39 '95 €"
"Gearshifters Collector's Edition","COMPRAR","https://media.game.es/COVERV2/3D_L/191/191963.png","49 '95 €"
"Desperados III - Collector's Edition","COMPRAR","https://media.game.es/COVERV2/3D_L/179/179817.png","84 '95 €"
"Dragon Ball Z: Kakarot Collector Edition","COMPRAR","https://media.game.es/COVERV2/3D_L/166/166777.png","239 '95 €"
"Crypt of the Necrodancer Collector´s Edition","COMPRAR","https://media.game.es/COVERV2/3D_L/182/182799.png","39 '95 €"
"Dragon Ball Z: Kakarot Collector Edition","COMPRAR","https://media.game.es/COVERV2/3D_L/166/166779.png","239 '95 €"
"Marvel´s Avengers Edición Más Poderosa de la Tierra","COMPRAR","https://media.game.es/COVERV2/3D_L/177/177985.png","159 '95 €"
"AI:Somnium Files Edicion Coleccionista","COMPRAR","https://media.game.es/COVERV2/3D_L/171/171806.png","69 '95 €"
"Destroy All Humans! DNA Collector's Edition","COMPRAR","https://media.game.es/COVERV2/3D_L/171/171688.png","109 '95 €"
"Re:Zero - The Prophecy Of The Throne Limited","COMPRAR","https://media.game.es/COVERV2/3D_L/180/180832.png","69 '95 €"
"1971 Project Helios Collector´S Edition","COMPRAR","https://media.game.es/COVERV2/3D_L/177/177534.png","34 '95 €"
"Dead Cells The Prisioner's Edition","COMPRAR","https://media.game.es/COVERV2/3D_L/178/178434.png","119 '95 €"
"Captain Tsubasa: Rise of new Champions Ed Col","COMPRAR","https://media.game.es/COVERV2/3D_L/180/180590.png","99 '95 €"
"Beholder CE: Collector's Edition","COMPRAR","https://media.game.es/COVERV2/3D_L/170/170213.png","29 '95 €"
"Lovecraft´s Untold Stories: Collector's Edition","COMPRAR","https://media.game.es/COVERV2/3D_L/170/170210.png","29 '95 €"
"Bounty Battle Signature Edition","COMPRAR","https://media.game.es/COVERV2/3D_L/179/179138.png","54 '95 €"
"Train Sim World Collectors Edition","COMPRAR","https://media.game.es/COVERV2/3D_L/172/172746.png","44 '95 €"
"1971 Project Helios Collector´S Edition","COMPRAR","https://media.game.es/COVERV2/3D_L/177/177536.png","29 '95 €"
"Baldur´s Gate Enhanced Edition Pack Edición Coleccionista","COMPRAR","https://media.game.es/COVERV2/3D_L/170/170728.png","79 '95 €"
"BlackSad Under the Skin Edicion Coleccionista","COMPRAR","https://media.game.es/COVERV2/3D_L/166/166491.png","69 '95 €"
"WRC 8 Edición Coleccionista","COMPRAR","https://media.game.es/COVERV2/3D_L/171/171561.png","39 '95 €"
"Dungeons of the Endless Signature Edition","COMPRAR","https://media.game.es/COVERV2/3D_L/178/178952.png","54 '95 €"
"The Elder Scrolls Online Greymoor Collector’s Upgrade","COMPRAR","https://media.game.es/COVERV2/3D_L/177/177339.png","99 '95 €"
"Icewind Dale Enhanced Edition Edición Colecionista","COMPRAR","https://media.game.es/COVERV2/3D_L/170/170735.png","79 '95 €"
"NeverWinter Nights Enhanced Edition Edición Coleccionista","COMPRAR","https://media.game.es/COVERV2/3D_L/170/170732.png","79 '95 €"
"Asterix y Obelix XXL 3 The Crystal Menhir Collector Edition","COMPRAR","https://media.game.es/COVERV2/3D_L/171/171679.png","59 '95 €"
"Asterix y Obelix XXL 3 The Crystal Menhir Collector Edition","COMPRAR","https://media.game.es/COVERV2/3D_L/171/171680.png","59 '95 €"
"Train Sim World Collectors Edition","COMPRAR","https://media.game.es/COVERV2/3D_L/172/172747.png","44 '95 €"
"Lovecraft Untold Stories: Collector's Edition","COMPRAR","https://media.game.es/COVERV2/3D_L/170/170209.png","34 '95 €"
"Monster Jam Steel Titans - Collector's Edition","COMPRAR","https://media.game.es/COVERV2/3D_L/163/163908.png","59 '95 €"
"Marvel's Guardians of the Galaxy Edición Cósmica Deluxe","COMPRAR","https://media.game.es/COVERV2/3D_L/189/189989.png","69 '95 €"
"Asterix y Obelix XXL2 Collector Edition","COMPRAR","https://media.game.es/COVERV2/3D_L/152/152684.png","69 '95 €"
"Oddworld Soulstorm - Day One Oddition","COMPRAR","https://media.game.es/COVERV2/3D_L/188/188549.png","49 '95 €"
"Terminator: Resistance Enhanced - Collector´s Edition","COMPRAR","https://media.game.es/COVERV2/3D_L/186/186789.png","49 '95 €"
"Oddworld Soulstorm - Collector's Oddition","COMPRAR","https://media.game.es/COVERV2/3D_L/188/188550.png","149 '95 €"
"Gearshifters Collector's Edition","COMPRAR","https://media.game.es/COVERV2/3D_L/191/191962.png","49 '95 €"
"Sword of the Necromancer Edición Coleccionista","COMPRAR","https://media.game.es/COVERV2/3D_L/189/189538.png","59 '95 €"
"A Tale of Synapse Collector's Edition","COMPRAR","https://media.game.es/COVERV2/3D_L/190/190457.png","49 '95 €"
"Biomutant Collector´s Edition","COMPRAR","https://media.game.es/COVERV2/3D_L/142/142165.png","109 '95 €"
"Blasphemous - Edición Coleccionista (REACONDICIONADO)","COMPRAR","https://media.game.es/COVERV2/3D_L/189/189408.png","69 '95 €"
"Cyberpunk 2077 Edición Coleccionista","COMPRAR","https://media.game.es/COVERV2/3D_L/186/186030.png","129 '95 €"
"Cyberpunk 2077 Edicion Coleccionista","COMPRAR","https://media.game.es/COVERV2/3D_L/186/186031.png","129 '95 €"
"Dead Cells The Prisioner's Edition (REACONDICIONADO)","COMPRAR","https://media.game.es/COVERV2/3D_L/187/187307.png","99 '95 €"
"Bounty Battle Signature Edition","COMPRAR","https://media.game.es/COVERV2/3D_L/179/179137.png","49 '95 €"
"Kingdoms of Amalur Re-Reckoning - Edición Coleccionista","COMPRAR","https://media.game.es/COVERV2/3D_L/181/181265.png","109 '95 €"
"Kingdoms of Amalur Re-Reckoning - Edición Coleccionista","COMPRAR","https://media.game.es/COVERV2/3D_L/181/181327.png","99 '95 €"
"Marvel´s Avengers Edición Más Poderosa de la Tierra (REACONDICIONADO)","COMPRAR","https://media.game.es/COVERV2/3D_L/191/191512.png","124 '95 €"
"Captain Tsubasa: Rise of new Champions Ed Col (REACONDICIONADO)","COMPRAR","https://media.game.es/COVERV2/3D_L/191/191506.png","84 '95 €"
"House Flipper Signature Edition (REACONDICIONADO)","COMPRAR","https://media.game.es/COVERV2/3D_L/189/189608.png","49 '95 €"
"Destroy All Humans! DNA Collector's Edition","COMPRAR","https://media.game.es/COVERV2/3D_L/171/171687.png","109 '95 €"
"Destroy All Humans! DNA Collector's Edition","COMPRAR","https://media.game.es/COVERV2/3D_L/171/171689.png","109 '95 €"
"Dungeons of the Endless Signature Edition","COMPRAR","https://media.game.es/COVERV2/3D_L/178/178951.png","49 '95 €"
"Bob Esponja Battle for Bikini Bottom - Rehydrated - F.U.N Edition","COMPRAR","https://media.game.es/COVERV2/3D_L/174/174932.png","299 '95 €"
"Bob Esponja Battle for Bikini Bottom - Rehydrated - F.U.N Edition","COMPRAR","https://media.game.es/COVERV2/3D_L/174/174929.png","219 '95 €"
"Bob Esponja Battle for Bikini Bottom - Rehydrated - F.U.N Edition","COMPRAR","https://media.game.es/COVERV2/3D_L/174/174930.png","219 '95 €"
"Bob Esponja Battle for Bikini Bottom - Rehydrated - Shiny Edition","COMPRAR","https://media.game.es/COVERV2/3D_L/174/174925.png","149 '95 €"
"Bob Esponja Battle for Bikini Bottom - Rehydrated - Shiny Edition","COMPRAR","https://media.game.es/COVERV2/3D_L/174/174926.png","149 '95 €"
"Desperados III - Collector's Edition","COMPRAR","https://media.game.es/COVERV2/3D_L/179/179819.png","94 '95 €"
"Desperados III - Collector's Edition","COMPRAR","https://media.game.es/COVERV2/3D_L/179/179818.png","94 '95 €"
"The Elder Scrolls Online Greymoor Collector’s Upgrade","COMPRAR","https://media.game.es/COVERV2/3D_L/177/177340.png","99 '95 €"
"Baldur´s Gate Enhanced Edition Pack Edición Coleccionista (REACONDICIONADO)","COMPRAR","https://media.game.es/COVERV2/3D_L/178/178886.png","69 '95 €"
"Baldur´s Gate Enhanced Edition Pack Edición Coleccionista (REACONDICIONADO)","COMPRAR","https://media.game.es/COVERV2/3D_L/187/187308.png","69 '95 €"
"Baldur´s Gate Enhanced Edition Pack Edición Coleccionista (REACONDICIONADO)","COMPRAR","https://media.game.es/COVERV2/3D_L/178/178598.png","69 '95 €"
"NeverWinter Nights Enhanced Edition Edición Coleccionista","COMPRAR","https://media.game.es/COVERV2/3D_L/170/170733.png","79 '95 €"
"NeverWinter Nights Enhanced Edition Edicion Coleccionista (REACONDICIONADO)","COMPRAR","https://media.game.es/COVERV2/3D_L/179/179083.png","69 '95 €"
"NeverWinter Nights Enhanced Edition Edición Coleccionista (REACONDICIONADO)","COMPRAR","https://media.game.es/COVERV2/3D_L/184/184862.png","69 '95 €"
"NeverWinter Nights Enhanced Edition Edición Coleccionista (REACONDICIONADO)","COMPRAR","https://media.game.es/COVERV2/3D_L/189/189720.png","69 '95 €"
"NeverWinter Nights Enhanced Edition Edicion Coleccionista","COMPRAR","https://media.game.es/COVERV2/3D_L/170/170731.png","79 '95 €"
"Icewind Dale Enhanced Edition Edición Colecionista","COMPRAR","https://media.game.es/COVERV2/3D_L/170/170736.png","79 '95 €"
"Icewind Dale Enhanced Edition Edición Colecionista (REACONDICIONADO)","COMPRAR","https://media.game.es/COVERV2/3D_L/184/184483.png","69 '95 €"
"Icewind Dale Enhanced Edition Edición Colecionista (REACONDICIONADO)","COMPRAR","https://media.game.es/COVERV2/3D_L/187/187750.png","69 '95 €"
"Icewind Dale Enhanced Edition Edición Colecionista","COMPRAR","https://media.game.es/COVERV2/3D_L/170/170734.png","79 '95 €"
"Dragon Ball Z: Kakarot Collector Edition (REACONDICIONADO)","COMPRAR","https://media.game.es/COVERV2/3D_L/177/177951.png","134 '95 €"
"Lovecraft Untold Stories: Collector's Edition (REACONDICIONADO)","COMPRAR","https://media.game.es/COVERV2/3D_L/185/185536.png","29 '95 €"
"WRC 8 Edición Coleccionista","COMPRAR","https://media.game.es/COVERV2/3D_L/171/171562.png","59 '95 €"
"Rage 2 Collectors Edition","COMPRAR","https://media.game.es/COVERV2/3D_L/155/155022.png","79 '95 €"
"Generation Zero Collectors Edition","COMPRAR","https://media.game.es/COVERV2/3D_L/162/162481.png","59 '95 €"
"Generation Zero Collectors Edition","COMPRAR","https://media.game.es/COVERV2/3D_L/162/162482.png","59 '95 €"
"Generation Zero Collectors Edition (REACONDICIONADO)","COMPRAR","https://media.game.es/COVERV2/3D_L/198/198744.png","49 '95 €"
"Generation Zero Collectors Edition","COMPRAR","https://media.game.es/COVERV2/3D_L/162/162483.png","59 '95 €"
"Elder Scrolls Online Summerset Collectors Edition (REACONDICIONADO)","COMPRAR","https://media.game.es/COVERV2/3D_L/159/159856.png","59 '95 €"
"Killer is Dead Nightmare Edition","COMPRAR","https://media.game.es/COVERV2/3D_L/102/102758.png","7 '95 €"
