"Horizon Forbidden West Edicion Coleccionista","10 €","RESERVAR","https://media.game.es/COVERV2/3D_L/193/193851.png","PLAYSTATION 4"
"AI The Somnium Files nirvanA Initiative Collector´s Edition","5 €","RESERVAR","https://media.game.es/COVERV2/3D_L/191/191665.png","NINTENDO SWITCH"
"Zenith: Collector's Edition","3 €","RESERVAR","https://media.game.es/COVERV2/3D_L/170/170211.png","NINTENDO SWITCH"
"Danganronpa Decadence Collector’s Edition","99 '95 €","COMPRAR","https://media.game.es/COVERV2/3D_L/191/191164.png","NINTENDO SWITCH"
"Pecaminosa Collector Edition","3 €","RESERVAR","https://media.game.es/COVERV2/3D_L/186/186529.png","PLAYSTATION 4"
"AI The Somnium Files nirvanA Initiative Collector´s Edition","5 €","RESERVAR","https://media.game.es/COVERV2/3D_L/191/191664.png","PLAYSTATION 4"
"Distrust: Collector's Edition","3 €","RESERVAR","https://media.game.es/COVERV2/3D_L/170/170215.png","NINTENDO SWITCH"
"Beholder 2","3 €","RESERVAR","https://media.game.es/COVERV2/3D_L/187/187155.png","NINTENDO SWITCH"
"Beholder 2","3 €","RESERVAR","https://media.game.es/COVERV2/3D_L/187/187156.png","PLAYSTATION 4"
"Marvel's Guardians of the Galaxy Edición Cósmica Deluxe","64 '95 €","COMPRAR","https://media.game.es/COVERV2/3D_L/189/189990.png","PLAYSTATION 4"
"Maldita Castilla Ed Coleccionista","49 '95 €","COMPRAR","https://media.game.es/COVERV2/3D_L/189/189171.png","NINTENDO SWITCH"
"Marvel's Guardians of the Galaxy Edición Cósmica Deluxe","69 '95 €","COMPRAR","https://media.game.es/COVERV2/3D_L/189/189991.png","XBOX ONE"
"Blasphemous - Edición Coleccionista","79 '95 €","COMPRAR","https://media.game.es/COVERV2/3D_L/184/184014.png","NINTENDO SWITCH"
"Neversong - Collector´s Edition","49 '95 €","COMPRAR","https://media.game.es/COVERV2/3D_L/182/182508.png","PLAYSTATION 4"
"Oddworld Soulstorm - Collector's Oddition","149 '95 €","COMPRAR","https://media.game.es/COVERV2/3D_L/188/188548.png","PLAYSTATION 4"
"Farming Simulator 22 Edicion Coleccionista","69 '95 €","COMPRAR","https://media.game.es/COVERV2/3D_L/191/191296.png","PC SOFTWARE"
"Cyberpunk 2077 Edición Coleccionista","199 '95 €","COMPRAR","https://media.game.es/COVERV2/3D_L/168/168908.png","PLAYSTATION 4"
"Crypt of the Necrodancer Collector´s Edition","39 '95 €","COMPRAR","https://media.game.es/COVERV2/3D_L/182/182801.png","NINTENDO SWITCH"
"Mortal Kombat 11 Ultimate Kollector's Edition","109 '95 €","COMPRAR","https://media.game.es/COVERV2/3D_L/183/183875.png","PLAYSTATION 4"
"Fighting Legends - Edición Coleccionista","79 '95 €","COMPRAR","https://media.game.es/COVERV2/3D_L/183/183662.png","PLAYSTATION 4"
"Beholder Complete Edition","34 '95 €","COMPRAR","https://media.game.es/COVERV2/3D_L/170/170214.png","NINTENDO SWITCH"
"Do not Feed the Monkeys: Collector's Edition","44 '95 €","COMPRAR","https://media.game.es/COVERV2/3D_L/170/170217.png","NINTENDO SWITCH"
"Alex Kidd in Miracle World DX Signature Edition","69 '95 €","COMPRAR","https://media.game.es/COVERV2/3D_L/188/188958.png","PLAYSTATION 4"
"Biomutant Collector´s Edition","109 '95 €","COMPRAR","https://media.game.es/COVERV2/3D_L/142/142166.png","PLAYSTATION 4"
"Biomutant Collector´s Edition","109 '95 €","COMPRAR","https://media.game.es/COVERV2/3D_L/142/142167.png","XBOX ONE"
"Blasphemous - Edición Coleccionista","79 '95 €","COMPRAR","https://media.game.es/COVERV2/3D_L/184/184012.png","PLAYSTATION 4"
"Cyberpunk 2077 Edicion Coleccionista","199 '95 €","COMPRAR","https://media.game.es/COVERV2/3D_L/168/168910.png","XBOX ONE"
"Train Sim World 2 - Collector´s Edition","49 '95 €","COMPRAR","https://media.game.es/COVERV2/3D_L/182/182731.png","PLAYSTATION 4"
"Neversong - Collector´s Edition","49 '95 €","COMPRAR","https://media.game.es/COVERV2/3D_L/182/182507.png","NINTENDO SWITCH"
"Sword of the Necromancer Edición Coleccionista","59 '95 €","COMPRAR","https://media.game.es/COVERV2/3D_L/189/189537.png","NINTENDO SWITCH"
"Do not Feed the Monkeys: Collector's Edition","39 '95 €","COMPRAR","https://media.game.es/COVERV2/3D_L/170/170216.png","PLAYSTATION 4"
"Dead Cells The Prisioner's Edition","119 '95 €","COMPRAR","https://media.game.es/COVERV2/3D_L/178/178433.png","PLAYSTATION 4"
"House Flipper Signature Edition","54 '95 €","COMPRAR","https://media.game.es/COVERV2/3D_L/180/180269.png","PLAYSTATION 4"
"Kingdoms of Amalur Re-Reckoning - Edición Coleccionista","109 '95 €","COMPRAR","https://media.game.es/COVERV2/3D_L/181/181264.png","PLAYSTATION 4"
"Marvel´s Avengers Edición Más Poderosa de la Tierra","159 '95 €","COMPRAR","https://media.game.es/COVERV2/3D_L/177/177986.png","XBOX ONE"
"House Flipper Signature Edition","59 '95 €","COMPRAR","https://media.game.es/COVERV2/3D_L/180/180270.png","NINTENDO SWITCH"
"1971 Project Helios Collector´S Edition","39 '95 €","COMPRAR","https://media.game.es/COVERV2/3D_L/177/177535.png","NINTENDO SWITCH"
"Los Pitufos Operación Vilhoja Edición Collector","79 '95 €","COMPRAR","https://media.game.es/COVERV2/3D_L/191/191968.png","NINTENDO SWITCH"
"Hard West: Collector's Edition","39 '95 €","COMPRAR","https://media.game.es/COVERV2/3D_L/170/170212.png","NINTENDO SWITCH"
"Gearshifters Collector's Edition","49 '95 €","COMPRAR","https://media.game.es/COVERV2/3D_L/191/191963.png","NINTENDO SWITCH"
"Desperados III - Collector's Edition","84 '95 €","COMPRAR","https://www.game.es/Content/img/no_disponible.png","PC SOFTWARE"
"Dragon Ball Z: Kakarot Collector Edition","239 '95 €","COMPRAR","https://www.game.es/Content/img/no_disponible.png","PLAYSTATION 4"
"Dragon Ball Z: Kakarot Collector Edition","239 '95 €","COMPRAR","https://www.game.es/Content/img/no_disponible.png","XBOX ONE"
"Crypt of the Necrodancer Collector´s Edition","39 '95 €","COMPRAR","https://www.game.es/Content/img/no_disponible.png","PLAYSTATION 4"
"Marvel´s Avengers Edición Más Poderosa de la Tierra","159 '95 €","COMPRAR","https://www.game.es/Content/img/no_disponible.png","PLAYSTATION 4"
"AI:Somnium Files Edicion Coleccionista","69 '95 €","COMPRAR","https://www.game.es/Content/img/no_disponible.png","PLAYSTATION 4"
"Destroy All Humans! DNA Collector's Edition","109 '95 €","COMPRAR","https://www.game.es/Content/img/no_disponible.png","PLAYSTATION 4"
"Re:Zero - The Prophecy Of The Throne Limited","69 '95 €","COMPRAR","https://www.game.es/Content/img/no_disponible.png","NINTENDO SWITCH"
"1971 Project Helios Collector´S Edition","34 '95 €","COMPRAR","https://www.game.es/Content/img/no_disponible.png","PLAYSTATION 4"
"Dead Cells The Prisioner's Edition","119 '95 €","COMPRAR","https://www.game.es/Content/img/no_disponible.png","NINTENDO SWITCH"
"Captain Tsubasa: Rise of new Champions Ed Col","99 '95 €","COMPRAR","https://www.game.es/Content/img/no_disponible.png","NINTENDO SWITCH"
"Beholder CE: Collector's Edition","29 '95 €","COMPRAR","https://www.game.es/Content/img/no_disponible.png","PLAYSTATION 4"
"Lovecraft´s Untold Stories: Collector's Edition","29 '95 €","COMPRAR","https://www.game.es/Content/img/no_disponible.png","NINTENDO SWITCH"
"Bounty Battle Signature Edition","54 '95 €","COMPRAR","https://www.game.es/Content/img/no_disponible.png","NINTENDO SWITCH"
"Train Sim World Collectors Edition","44 '95 €","COMPRAR","https://www.game.es/Content/img/no_disponible.png","PLAYSTATION 4"
"1971 Project Helios Collector´S Edition","29 '95 €","COMPRAR","https://www.game.es/Content/img/no_disponible.png","PC SOFTWARE"
"Baldur´s Gate Enhanced Edition Pack Edición Coleccionista","79 '95 €","COMPRAR","https://www.game.es/Content/img/no_disponible.png","PLAYSTATION 4"
"BlackSad Under the Skin Edicion Coleccionista","69 '95 €","COMPRAR","https://www.game.es/Content/img/no_disponible.png","NINTENDO SWITCH"
"WRC 8 Edición Coleccionista","39 '95 €","COMPRAR","https://www.game.es/Content/img/no_disponible.png","PLAYSTATION 4"
"Dungeons of the Endless Signature Edition","54 '95 €","COMPRAR","https://www.game.es/Content/img/no_disponible.png","NINTENDO SWITCH"
