Marvel's Guardians of the Galaxy Edición Cósmica Deluxe, COMPRAR, 89 '95 €, https://media.game.es/COVERV2/3D_L/189/189990.png
Danganronpa Decadence Collector’s Edition, COMPRAR, 99 '95 €, https://media.game.es/COVERV2/3D_L/191/191164.png
Horizon Forbidden West Edicion Coleccionista, RESERVAR, 10 €, https://media.game.es/COVERV2/3D_L/193/193851.png
AI The Somnium Files nirvanA Initiative Collector´s Edition, RESERVAR, 5 €, https://media.game.es/COVERV2/3D_L/191/191665.png
Zenith: Collector's Edition, RESERVAR, 3 €, https://media.game.es/COVERV2/3D_L/170/170211.png
Pecaminosa Collector Edition, RESERVAR, 3 €, https://media.game.es/COVERV2/3D_L/186/186530.png
Pecaminosa Collector Edition, RESERVAR, 3 €, https://media.game.es/COVERV2/3D_L/186/186529.png
Imperivm HD Edición Coleccionista, RESERVAR, 3 €, https://media.game.es/COVERV2/3D_L/191/191423.png
Imperivm HD Edición Coleccionista XL + USB, RESERVAR, 3 €, https://media.game.es/COVERV2/3D_L/191/191424.png
Imperivm HD Edición Coleccionista XL Caja Metálica + USB, RESERVAR, 3 €, https://media.game.es/COVERV2/3D_L/191/191425.png
AI The Somnium Files nirvanA Initiative Collector´s Edition, RESERVAR, 5 €, https://media.game.es/COVERV2/3D_L/191/191664.png
Distrust: Collector's Edition, RESERVAR, 3 €, https://media.game.es/COVERV2/3D_L/170/170215.png
Neversong - Collector´s Edition, RESERVAR, 3 €, https://media.game.es/COVERV2/3D_L/182/182508.png
Marvel's Guardians of the Galaxy Edición Cósmica Deluxe, COMPRAR, 89 '95 €, https://media.game.es/COVERV2/3D_L/189/189991.png
Beholder 2, RESERVAR, 3 €, https://media.game.es/COVERV2/3D_L/187/187156.png
Farming Simulator 22 Edicion Coleccionista, COMPRAR, 69 '95 €, https://media.game.es/COVERV2/3D_L/191/191296.png
Asterix & Obelix Slap Them All Edicion Coleccionista, COMPRAR, 79 '95 €, https://media.game.es/COVERV2/3D_L/191/191794.png
Maldita Castilla Ed Coleccionista, COMPRAR, 49 '95 €, https://media.game.es/COVERV2/3D_L/189/189171.png
Final Fantasy XII The Zodiac Age, COMPRAR, 29 '95 €, https://media.game.es/COVERV2/3D_L/162/162517.png
Los Pitufos Operación Vilhoja Edición Collector, COMPRAR, 79 '95 €, https://media.game.es/COVERV2/3D_L/191/191968.png
Neversong - Collector´s Edition, COMPRAR, 49 '95 €, https://media.game.es/COVERV2/3D_L/182/182507.png
Blasphemous - Edición Coleccionista, COMPRAR, 79 '95 €, https://media.game.es/COVERV2/3D_L/184/184014.png
Crypt of the Necrodancer Collector´s Edition, COMPRAR, 39 '95 €, https://media.game.es/COVERV2/3D_L/182/182801.png
Oddworld Soulstorm - Day One Oddition, COMPRAR, 49 '95 €, https://media.game.es/COVERV2/3D_L/188/188547.png
Mortal Kombat 11 Ultimate Kollector's Edition, COMPRAR, 109 '95 €, https://media.game.es/COVERV2/3D_L/183/183875.png
Cyberpunk 2077 Edición Coleccionista, COMPRAR, 139 '95 €, https://media.game.es/COVERV2/3D_L/168/168908.png
Oddworld Soulstorm - Collector's Oddition, COMPRAR, 149 '95 €, https://media.game.es/COVERV2/3D_L/188/188548.png
Fighting Legends - Edición Coleccionista, COMPRAR, 79 '95 €, https://media.game.es/COVERV2/3D_L/183/183662.png
King´s Bounty 2 King Collector's Edition, COMPRAR, 69 '95 €, https://media.game.es/COVERV2/3D_L/190/190859.png
Alex Kidd in Miracle World DX Signature Edition, COMPRAR, 69 '95 €, https://media.game.es/COVERV2/3D_L/188/188958.png
Beholder Complete Edition, COMPRAR, 34 '95 €, https://media.game.es/COVERV2/3D_L/170/170214.png
Biomutant Collector´s Edition, COMPRAR, 109 '95 €, https://media.game.es/COVERV2/3D_L/142/142167.png
Biomutant Collector´s Edition, COMPRAR, 109 '95 €, https://media.game.es/COVERV2/3D_L/142/142166.png
Cyberpunk 2077 Edicion Coleccionista, COMPRAR, 139 '95 €, https://media.game.es/COVERV2/3D_L/168/168910.png
Captain Tsubasa: Rise of new Champions Ed Col, COMPRAR, 69 '95 €, https://media.game.es/COVERV2/3D_L/180/180589.png
Blasphemous - Edición Coleccionista, COMPRAR, 79 '95 €, https://media.game.es/COVERV2/3D_L/184/184012.png
Train Sim World 2 - Collector´s Edition, COMPRAR, 49 '95 €, https://media.game.es/COVERV2/3D_L/182/182731.png
Sword of the Necromancer Edición Coleccionista, COMPRAR, 59 '95 €, https://media.game.es/COVERV2/3D_L/189/189537.png
Sword of the Necromancer Edición Coleccionista, COMPRAR, 59 '95 €, https://media.game.es/COVERV2/3D_L/189/189538.png
Dead Cells The Prisioner's Edition, COMPRAR, 119 '95 €, https://media.game.es/COVERV2/3D_L/178/178433.png
Kingdoms of Amalur Re-Reckoning - Edición Coleccionista, COMPRAR, 109 '95 €, https://media.game.es/COVERV2/3D_L/181/181264.png
1971 Project Helios Collector´S Edition, COMPRAR, 39 '95 €, https://media.game.es/COVERV2/3D_L/177/177535.png
Marvel´s Avengers Edición Más Poderosa de la Tierra, COMPRAR, 159 '95 €, https://media.game.es/COVERV2/3D_L/177/177986.png
House Flipper Signature Edition, COMPRAR, 59 '95 €, https://media.game.es/COVERV2/3D_L/180/180270.png
Gearshifters Collector's Edition, COMPRAR, 49 '95 €, https://media.game.es/COVERV2/3D_L/191/191963.png
Hard West: Collector's Edition, COMPRAR, 39 '95 €, https://media.game.es/COVERV2/3D_L/170/170212.png
Gearshifters Collector's Edition, COMPRAR, 49 '95 €, https://media.game.es/COVERV2/3D_L/191/191962.png
The Elder Scrolls Online Greymoor Collector’s Upgrade, COMPRAR, 99 '95 €, https://media.game.es/COVERV2/3D_L/177/177340.png
Marvel´s Avengers Edición Más Poderosa de la Tierra, COMPRAR, 159 '95 €, https://media.game.es/COVERV2/3D_L/177/177985.png
Dragon Ball Z: Kakarot Collector Edition, COMPRAR, 239 '95 €, https://media.game.es/COVERV2/3D_L/166/166777.png
Dragon Ball Z: Kakarot Collector Edition, COMPRAR, 239 '95 €, https://media.game.es/COVERV2/3D_L/166/166779.png
Crypt of the Necrodancer Collector´s Edition, COMPRAR, 39 '95 €, https://media.game.es/COVERV2/3D_L/182/182799.png
Mortal Kombat 11 Ultimate Special, COMPRAR, 59 '95 €, https://media.game.es/COVERV2/3D_L/183/183870.png
Destroy All Humans! DNA Collector's Edition, COMPRAR, 109 '95 €, https://media.game.es/COVERV2/3D_L/171/171688.png
AI:Somnium Files Edicion Coleccionista, COMPRAR, 69 '95 €, https://media.game.es/COVERV2/3D_L/171/171806.png
Beholder CE: Collector's Edition, COMPRAR, 29 '95 €, https://media.game.es/COVERV2/3D_L/170/170213.png
1971 Project Helios Collector´S Edition, COMPRAR, 34 '95 €, https://media.game.es/COVERV2/3D_L/177/177534.png
Dead Cells The Prisioner's Edition, COMPRAR, 119 '95 €, https://media.game.es/COVERV2/3D_L/178/178434.png
Lovecraft´s Untold Stories: Collector's Edition, COMPRAR, 29 '95 €, https://media.game.es/COVERV2/3D_L/170/170210.png
Kingdoms of Amalur Re-Reckoning - Edición Coleccionista, COMPRAR, 109 '95 €, https://media.game.es/COVERV2/3D_L/181/181265.png
Captain Tsubasa: Rise of new Champions Ed Col, COMPRAR, 99 '95 €, https://media.game.es/COVERV2/3D_L/180/180590.png
Baldur´s Gate Enhanced Edition Pack Edición Coleccionista, COMPRAR, 79 '95 €, https://media.game.es/COVERV2/3D_L/170/170728.png
BlackSad Under the Skin Edicion Coleccionista, COMPRAR, 69 '95 €, https://media.game.es/COVERV2/3D_L/166/166491.png
Train Sim World Collectors Edition, COMPRAR, 44 '95 €, https://media.game.es/COVERV2/3D_L/172/172746.png
The Elder Scrolls Online Greymoor Collector’s Upgrade, COMPRAR, 99 '95 €, https://media.game.es/COVERV2/3D_L/177/177339.png
WRC 8 Edición Coleccionista, COMPRAR, 39 '95 €, https://media.game.es/COVERV2/3D_L/171/171561.png
Lovecraft Untold Stories: Collector's Edition, COMPRAR, 34 '95 €, https://media.game.es/COVERV2/3D_L/170/170209.png
NeverWinter Nights Enhanced Edition Edición Coleccionista, COMPRAR, 79 '95 €, https://media.game.es/COVERV2/3D_L/170/170732.png
Icewind Dale Enhanced Edition Edición Colecionista, COMPRAR, 79 '95 €, https://media.game.es/COVERV2/3D_L/170/170734.png
Icewind Dale Enhanced Edition Edición Colecionista, COMPRAR, 79 '95 €, https://media.game.es/COVERV2/3D_L/170/170735.png
NeverWinter Nights Enhanced Edition Edición Coleccionista, COMPRAR, 79 '95 €, https://media.game.es/COVERV2/3D_L/170/170733.png
Icewind Dale Enhanced Edition Edición Colecionista, COMPRAR, 79 '95 €, https://media.game.es/COVERV2/3D_L/170/170736.png
Train Sim World Collectors Edition, COMPRAR, 44 '95 €, https://media.game.es/COVERV2/3D_L/172/172747.png
Asterix y Obelix XXL 3 The Crystal Menhir Collector Edition, COMPRAR, 59 '95 €, https://media.game.es/COVERV2/3D_L/171/171680.png
Asterix y Obelix XXL2 Collector Edition, COMPRAR, 69 '95 €, https://media.game.es/COVERV2/3D_L/152/152684.png
Terminator: Resistance Enhanced - Collector´s Edition, COMPRAR, 49 '95 €, https://media.game.es/COVERV2/3D_L/186/186789.png
Oddworld Soulstorm - Day One Oddition, COMPRAR, 49 '95 €, https://media.game.es/COVERV2/3D_L/188/188549.png
Oddworld Soulstorm - Collector's Oddition, COMPRAR, 149 '95 €, https://media.game.es/COVERV2/3D_L/188/188550.png
Beholder 2, RESERVAR, 3 €, https://media.game.es/COVERV2/3D_L/187/187155.png
King´s Bounty 2 King Collector's Edition, COMPRAR, 69 '95 €, https://media.game.es/COVERV2/3D_L/190/190860.png
A Tale of Synapse Collector's Edition, COMPRAR, 49 '95 €, https://media.game.es/COVERV2/3D_L/190/190457.png
Do not Feed the Monkeys: Collector's Edition, COMPRAR, 44 '95 €, https://media.game.es/COVERV2/3D_L/170/170217.png
Biomutant Collector´s Edition, COMPRAR, 109 '95 €, https://media.game.es/COVERV2/3D_L/142/142165.png
Blasphemous - Edición Coleccionista (REACONDICIONADO), COMPRAR, 69 '95 €, https://media.game.es/COVERV2/3D_L/189/189408.png
Re:Zero - The Prophecy Of The Throne Limited, COMPRAR, 69 '95 €, https://media.game.es/COVERV2/3D_L/180/180832.png
Cyberpunk 2077 Edición Coleccionista, COMPRAR, 129 '95 €, https://media.game.es/COVERV2/3D_L/186/186030.png
Cyberpunk 2077 Edicion Coleccionista, COMPRAR, 129 '95 €, https://media.game.es/COVERV2/3D_L/186/186031.png
Dead Cells The Prisioner's Edition (REACONDICIONADO), COMPRAR, 99 '95 €, https://media.game.es/COVERV2/3D_L/187/187307.png
Do not Feed the Monkeys: Collector's Edition, COMPRAR, 39 '95 €, https://media.game.es/COVERV2/3D_L/170/170216.png
Bounty Battle Signature Edition, COMPRAR, 54 '95 €, https://media.game.es/COVERV2/3D_L/179/179138.png
Bounty Battle Signature Edition, COMPRAR, 49 '95 €, https://media.game.es/COVERV2/3D_L/179/179137.png
Kingdoms of Amalur Re-Reckoning - Edición Coleccionista, COMPRAR, 99 '95 €, https://media.game.es/COVERV2/3D_L/181/181327.png
Marvel´s Avengers Edición Más Poderosa de la Tierra (REACONDICIONADO), COMPRAR, 124 '95 €, https://media.game.es/COVERV2/3D_L/191/191512.png
Captain Tsubasa: Rise of new Champions Ed Col (REACONDICIONADO), COMPRAR, 84 '95 €, https://media.game.es/COVERV2/3D_L/191/191506.png
Captain Tsubasa: Rise of new Champions Ed Col (REACONDICIONADO), COMPRAR, 59 '95 €, https://media.game.es/COVERV2/3D_L/185/185528.png
House Flipper Signature Edition (REACONDICIONADO), COMPRAR, 49 '95 €, https://media.game.es/COVERV2/3D_L/189/189608.png
House Flipper Signature Edition, COMPRAR, 54 '95 €, https://media.game.es/COVERV2/3D_L/180/180269.png
Destroy All Humans! DNA Collector's Edition, COMPRAR, 109 '95 €, https://media.game.es/COVERV2/3D_L/171/171687.png
Destroy All Humans! DNA Collector's Edition, COMPRAR, 109 '95 €, https://media.game.es/COVERV2/3D_L/171/171689.png
Dungeons of the Endless Signature Edition, COMPRAR, 49 '95 €, https://media.game.es/COVERV2/3D_L/178/178951.png
Dungeons of the Endless Signature Edition, COMPRAR, 54 '95 €, https://media.game.es/COVERV2/3D_L/178/178952.png
Bob Esponja Battle for Bikini Bottom - Rehydrated - Shiny Edition, COMPRAR, 149 '95 €, https://media.game.es/COVERV2/3D_L/174/174925.png
Bob Esponja Battle for Bikini Bottom - Rehydrated - Shiny Edition, COMPRAR, 149 '95 €, https://media.game.es/COVERV2/3D_L/174/174926.png
Bob Esponja Battle for Bikini Bottom - Rehydrated - F.U.N Edition, COMPRAR, 219 '95 €, https://media.game.es/COVERV2/3D_L/174/174929.png
Bob Esponja Battle for Bikini Bottom - Rehydrated - F.U.N Edition, COMPRAR, 219 '95 €, https://media.game.es/COVERV2/3D_L/174/174930.png
Bob Esponja Battle for Bikini Bottom - Rehydrated - F.U.N Edition, COMPRAR, 299 '95 €, https://media.game.es/COVERV2/3D_L/174/174932.png
Desperados III - Collector's Edition, COMPRAR, 94 '95 €, https://media.game.es/COVERV2/3D_L/179/179818.png
Desperados III - Collector's Edition, COMPRAR, 84 '95 €, https://media.game.es/COVERV2/3D_L/179/179817.png
Desperados III - Collector's Edition, COMPRAR, 94 '95 €, https://media.game.es/COVERV2/3D_L/179/179819.png
1971 Project Helios Collector´S Edition, COMPRAR, 29 '95 €, https://media.game.es/COVERV2/3D_L/177/177536.png
Baldur´s Gate Enhanced Edition Pack Edición Coleccionista (REACONDICIONADO), COMPRAR, 69 '95 €, https://media.game.es/COVERV2/3D_L/178/178886.png
Baldur´s Gate Enhanced Edition Pack Edición Coleccionista (REACONDICIONADO), COMPRAR, 69 '95 €, https://media.game.es/COVERV2/3D_L/187/187308.png
NeverWinter Nights Enhanced Edition Edición Coleccionista (REACONDICIONADO), COMPRAR, 69 '95 €, https://media.game.es/COVERV2/3D_L/189/189720.png
NeverWinter Nights Enhanced Edition Edicion Coleccionista (REACONDICIONADO), COMPRAR, 69 '95 €, https://media.game.es/COVERV2/3D_L/179/179083.png
NeverWinter Nights Enhanced Edition Edición Coleccionista (REACONDICIONADO), COMPRAR, 69 '95 €, https://media.game.es/COVERV2/3D_L/184/184862.png
NeverWinter Nights Enhanced Edition Edicion Coleccionista, COMPRAR, 79 '95 €, https://media.game.es/COVERV2/3D_L/170/170731.png
Baldur´s Gate Enhanced Edition Pack Edición Coleccionista (REACONDICIONADO), COMPRAR, 69 '95 €, https://media.game.es/COVERV2/3D_L/178/178598.png
Icewind Dale Enhanced Edition Edición Colecionista (REACONDICIONADO), COMPRAR, 69 '95 €, https://media.game.es/COVERV2/3D_L/184/184483.png
Icewind Dale Enhanced Edition Edición Colecionista (REACONDICIONADO), COMPRAR, 69 '95 €, https://media.game.es/COVERV2/3D_L/187/187750.png
Dragon Ball Z: Kakarot Collector Edition (REACONDICIONADO), COMPRAR, 134 '95 €, https://media.game.es/COVERV2/3D_L/177/177951.png
Asterix y Obelix XXL 3 The Crystal Menhir Collector Edition, COMPRAR, 59 '95 €, https://media.game.es/COVERV2/3D_L/171/171679.png
Lovecraft Untold Stories: Collector's Edition (REACONDICIONADO), COMPRAR, 29 '95 €, https://media.game.es/COVERV2/3D_L/185/185536.png
WRC 8 Edición Coleccionista, COMPRAR, 59 '95 €, https://media.game.es/COVERV2/3D_L/171/171562.png
Monster Jam Steel Titans - Collector's Edition, COMPRAR, 59 '95 €, https://media.game.es/COVERV2/3D_L/163/163908.png
Rage 2 Collectors Edition, COMPRAR, 79 '95 €, https://media.game.es/COVERV2/3D_L/155/155022.png
Generation Zero Collectors Edition, COMPRAR, 59 '95 €, https://media.game.es/COVERV2/3D_L/162/162481.png
Generation Zero Collectors Edition, COMPRAR, 59 '95 €, https://media.game.es/COVERV2/3D_L/162/162482.png
Generation Zero Collectors Edition, COMPRAR, 59 '95 €, https://media.game.es/COVERV2/3D_L/162/162483.png
Elder Scrolls Online Summerset Collectors Edition (REACONDICIONADO), COMPRAR, 59 '95 €, https://media.game.es/COVERV2/3D_L/159/159856.png
Killer is Dead Nightmare Edition, COMPRAR, 7 '95 €, https://media.game.es/COVERV2/3D_L/102/102758.png
